timestamp,open,high,low,close,volume
2025-03-10 02:35:44.513184000,45000.0,53965.33,36034.67,45000.0,1780500
2025-03-10 06:36:11.229325001,45000.0,52981.32,33735.81,41009.34,1979650
2025-03-10 10:36:37.945466003,41009.34,50326.03,28092.61,36350.99,2135281
2025-03-10 14:37:04.661607005,36350.99,42675.75,27414.09,33188.62,1858608
2025-03-10 18:37:31.377748007,33188.62,41305.45,22005.93,29130.2,2566846
2025-03-10 22:37:58.093889009,29130.2,33783.77,22521.55,26803.42,1388296
2025-03-11 02:38:24.810030011,26803.42,31261.1,20487.57,24574.58,2054348
2025-03-11 06:38:51.526171012,24574.58,28655.02,18792.68,22534.36,1225660
2025-03-11 10:39:18.242312014,22534.36,27495.85,15638.32,20053.61,2864098
2025-03-11 14:39:44.958453016,20053.61,22837.99,16070.35,18661.42,1314614
2025-03-11 18:40:11.674594018,18661.42,22235.07,13643.13,16874.6,1924583
2025-03-11 22:40:38.390735020,16874.6,20090.62,12357.03,15266.59,2886543
2025-03-12 02:41:05.106876022,15266.59,17680.3,11836.83,14059.73,2242295
2025-03-12 06:41:31.823017024,14059.73,16370.34,10783.68,12904.43,2241382
2025-03-12 10:41:58.539158025,12904.43,15723.5,8983.74,11494.89,922166
2025-03-12 14:42:25.255299027,11494.89,13805.98,8260.58,10339.34,1142628
2025-03-12 18:42:51.971440029,10339.34,12251.63,7647.75,9383.2,1524722
2025-03-12 22:43:18.687581031,9383.2,10803.14,7360.73,8673.23,1495560
2025-03-13 02:43:45.403722033,8673.23,10259.62,6438.72,7880.03,2386778
2025-03-13 06:44:12.119863035,7880.03,9997.44,4988.4,6821.33,1481346
2025-03-13 10:44:38.836004037,6821.33,8153.86,4952.69,6155.06,2591870
2025-03-13 14:45:05.552145038,6155.06,7532.7,4242.78,5466.24,948934
2025-03-13 18:45:32.268286040,5466.24,6196.26,4419.96,5101.23,1586314
2025-03-13 22:45:58.984427042,5101.23,6064.02,3747.91,4619.84,985087
2025-03-14 02:46:25.700568044,4619.84,5068.92,3968.05,4395.3,2417716
2025-03-14 06:46:52.416709046,4395.3,4932.61,3622.18,4126.65,1445845
2025-03-14 10:47:19.132850048,4126.65,5089.39,2794.85,3645.28,2413678
2025-03-14 14:47:45.848991050,3645.28,4312.39,2705.65,3311.72,2520462
2025-03-14 18:48:12.565132051,3311.72,3914.22,2462.78,3010.48,2078994
2025-03-14 22:48:39.281273053,3010.48,3889.06,1820.81,2571.18,2587039
2025-03-15 02:49:05.997414055,2571.18,3054.4,1891.77,2329.58,2226726
2025-03-15 06:49:32.713555057,2329.58,2739.67,1750.54,2124.53,1826059
2025-03-15 10:49:59.429696059,2124.53,2426.99,1692.36,1973.3,1061068
2025-03-15 14:50:26.145837061,1973.3,2250.61,1576.82,1834.64,2015905
2025-03-15 18:50:52.861978063,1834.64,2126.01,1420.72,1688.96,1915475
2025-03-15 22:51:19.578119064,1688.96,2015.84,1230.27,1525.52,1607170
2025-03-16 02:51:46.294260066,1525.52,1886.32,1026.99,1345.12,830454
2025-03-16 06:52:13.010401068,1345.12,1470.97,1162.23,1282.19,2259940
2025-03-16 10:52:39.726542070,1282.19,1528.99,935.75,1158.79,1521897
2025-03-16 14:53:06.442683072,1158.79,1343.44,896.52,1066.47,2606186
2025-03-16 18:53:33.158824074,1066.47,1233.95,828.4,982.73,799693
2025-03-16 22:53:59.874965076,982.73,1227.52,646.03,860.33,1743337
2025-03-17 02:54:26.591106077,860.33,1029.57,623.12,775.71,2221978
2025-03-17 06:54:53.307247079,775.71,923.96,567.51,701.59,2317406
2025-03-17 10:55:20.023388081,701.59,811.52,545.31,646.63,1932999
2025-03-17 14:55:46.739529083,646.63,694.68,576.33,622.6,959826
2025-03-17 18:56:13.455670085,622.6,728.96,472.15,569.42,1219305
2025-03-17 22:56:40.171811087,569.42,636.18,473.2,536.04,1534198
2025-03-18 02:57:06.887952089,536.04,631.54,401.3,488.29,1007121
2025-03-18 06:57:33.604093090,488.29,559.52,386.65,452.68,1536713
2025-03-18 10:58:00.320234092,452.68,532.68,339.75,412.68,2034161
2025-03-18 14:58:27.036375094,412.68,475.83,322.78,381.1,1164255
2025-03-18 18:58:53.752516096,381.1,454.42,278.18,344.45,831205
2025-03-18 22:59:20.468657098,344.45,389.43,279.92,321.96,2562313
2025-03-19 02:59:47.184798100,321.96,375.69,245.85,295.09,1477164
2025-03-19 07:00:13.900939102,295.09,347.77,220.78,268.75,970098
2025-03-19 11:00:40.617080103,268.75,298.95,225.14,253.65,2479590
2025-03-19 15:01:07.333221105,253.65,296.02,193.63,232.47,1153001
2025-03-19 19:01:34.049362107,232.47,262.1,189.91,217.65,1035426
2025-03-19 23:02:00.765503109,217.65,238.59,187.24,207.18,632644
2025-03-20 03:02:27.481644111,207.18,242.49,157.22,189.52,903076
2025-03-20 07:02:54.197785113,189.52,220.75,145.25,173.91,1340742
2025-03-20 11:03:20.913926115,173.91,201.37,134.89,160.18,2507581
2025-03-20 15:03:47.630067116,160.18,186.65,122.67,146.95,1278215
2025-03-20 19:04:14.346208118,146.95,167.18,117.99,136.83,2451247
2025-03-20 23:04:41.062349120,136.83,163.75,99.09,123.37,858791
2025-03-21 03:05:07.778490122,123.37,145.14,92.64,112.48,737125
2025-03-21 07:05:34.494631124,112.48,125.54,93.66,105.96,1557936
2025-03-21 11:06:01.210772126,105.96,114.63,93.3,101.62,2254954
2025-03-21 15:06:27.926913128,101.62,112.6,89.19,100.0,2418771
2025-03-21 19:06:54.643054129,100.0,117.24,82.76,100.0,1195693
2025-03-21 23:07:21.359195131,100.0,110.64,89.36,100.0,2227945
2025-03-22 03:07:48.075336133,100.0,119.42,80.58,100.0,1733997
2025-03-22 07:08:14.791477135,100.0,110.75,89.25,100.0,1639418
2025-03-22 11:08:41.507618137,100.0,112.67,87.33,100.0,2499089
2025-03-22 15:09:08.223759139,100.0,113.79,86.21,100.0,1947370
2025-03-22 19:09:34.939900141,100.0,117.98,82.02,100.0,2736848
2025-03-22 23:10:01.656041142,100.0,116.17,83.83,100.0,1897453
2025-03-23 03:10:28.372182144,100.0,110.85,89.15,100.0,1038861
2025-03-23 07:10:55.088323146,100.0,118.04,81.96,100.0,1096526
2025-03-23 11:11:21.804464148,100.0,117.76,82.24,100.0,1565889
2025-03-23 15:11:48.520605150,100.0,114.92,85.08,100.0,1601743
2025-03-23 19:12:15.236746152,100.0,109.03,90.97,100.0,1187516
2025-03-23 23:12:41.952887154,100.0,117.09,82.91,100.0,2829163
2025-03-24 03:13:08.669028155,100.0,117.35,82.65,100.0,2619566
2025-03-24 07:13:35.385169157,100.0,121.52,78.48,100.0,2596674
2025-03-24 11:14:02.101310159,100.0,112.25,87.75,100.0,2346178
2025-03-24 15:14:28.817451161,100.0,114.06,85.94,100.0,2477326
2025-03-24 19:14:55.533592163,100.0,119.01,80.99,100.0,2438508
2025-03-24 23:15:22.249733165,100.0,111.45,88.55,100.0,1956573
2025-03-25 03:15:48.965874167,100.0,113.46,86.54,100.0,2571859
2025-03-25 07:16:15.682015168,100.0,110.94,89.06,100.0,674127
2025-03-25 11:16:42.398156170,100.0,112.68,87.32,100.0,872844
2025-03-25 15:17:09.114297172,100.0,115.98,84.02,100.0,1249970
2025-03-25 19:17:35.830438174,100.0,107.18,92.82,100.0,942889
2025-03-25 23:18:02.546579176,100.0,118.03,81.97,100.0,2534775
2025-03-26 03:18:29.262720178,100.0,116.41,83.59,100.0,2186029
2025-03-26 07:18:55.978861180,100.0,108.47,91.53,100.0,2358770
2025-03-26 11:19:22.695002181,100.0,111.54,88.46,100.0,2519181
2025-03-26 15:19:49.411143183,100.0,111.05,88.95,100.0,1432982
2025-03-26 19:20:16.127284185,100.0,114.43,85.57,100.0,1041967
2025-03-26 23:20:42.843425187,100.0,114.41,85.59,100.0,2705140
2025-03-27 03:21:09.559566189,100.0,113.57,86.43,100.0,2114305
2025-03-27 07:21:36.275707191,100.0,114.47,85.53,100.0,2254297
2025-03-27 11:22:02.991848193,100.0,108.37,91.63,100.0,926269
2025-03-27 15:22:29.707989194,100.0,115.95,84.05,100.0,2167845
2025-03-27 19:22:56.424130196,100.0,115.21,84.79,100.0,726640
2025-03-27 23:23:23.140271198,100.0,114.84,85.16,100.0,2135021
2025-03-28 03:23:49.856412200,100.0,108.48,91.52,100.0,1818603
2025-03-28 07:24:16.572553202,100.0,113.99,86.01,100.0,846168
2025-03-28 11:24:43.288694204,100.0,114.75,85.25,100.0,1179062
2025-03-28 15:25:10.004835206,100.0,109.67,90.33,100.0,765519
2025-03-28 19:25:36.720976207,100.0,114.41,85.59,100.0,2034732
2025-03-28 23:26:03.437117209,100.0,113.74,86.26,100.0,977124
2025-03-29 03:26:30.153258211,100.0,114.66,85.34,100.0,758232
2025-03-29 07:26:56.869399213,100.0,113.92,86.08,100.0,2500752
2025-03-29 11:27:23.585540215,100.0,112.92,87.08,100.0,746280
2025-03-29 15:27:50.301681217,100.0,113.59,86.41,100.0,2591343
2025-03-29 19:28:17.017822219,100.0,106.57,93.43,100.0,1206762
2025-03-29 23:28:43.733963220,100.0,113.07,86.93,100.0,1155808
2025-03-30 03:29:10.450104222,100.0,113.91,86.09,100.0,1712030
2025-03-30 07:29:37.166245224,100.0,108.11,91.89,100.0,982846
2025-03-30 11:30:03.882386226,100.0,106.83,93.17,100.0,1061909
2025-03-30 15:30:30.598527228,100.0,114.19,85.81,100.0,2190790
2025-03-30 19:30:57.314668230,100.0,110.96,89.04,100.0,2312571
2025-03-30 23:31:24.030809232,100.0,110.51,89.49,100.0,1151646
2025-03-31 03:31:50.746950233,100.0,108.75,91.25,100.0,1488455
2025-03-31 07:32:17.463091235,100.0,110.25,89.75,100.0,2471259
2025-03-31 11:32:44.179232237,100.0,112.03,87.97,100.0,663398
2025-03-31 15:33:10.895373239,100.0,110.81,89.19,100.0,2337955
2025-03-31 19:33:37.611514241,100.0,107.67,92.33,100.0,1440235
2025-03-31 23:34:04.327655243,100.0,107.63,92.37,100.0,1887278
2025-04-01 03:34:31.043796245,100.0,116.26,83.74,100.0,2115100
2025-04-01 07:34:57.759937246,100.0,106.91,93.09,100.0,1412245
2025-04-01 11:35:24.476078248,100.0,109.3,90.7,100.0,985146
2025-04-01 15:35:51.192219250,100.0,110.31,89.69,100.0,2456919
2025-04-01 19:36:17.908360252,100.0,108.75,91.25,100.0,2201871
2025-04-01 23:36:44.624501254,100.0,104.16,95.84,100.0,2168827
2025-04-02 03:37:11.340642256,100.0,108.06,91.94,100.0,1646758
2025-04-02 07:37:38.056783258,100.0,108.18,91.82,100.0,1619568
2025-04-02 11:38:04.772924259,100.0,108.64,91.36,100.0,655162
2025-04-02 15:38:31.489065261,100.0,108.49,91.51,100.0,1377359
2025-04-02 19:38:58.205206263,100.0,110.62,89.38,100.0,1745985
2025-04-02 23:39:24.921347265,100.0,105.33,94.67,100.0,1742353
2025-04-03 03:39:51.637488267,100.0,105.89,94.11,100.0,1017902
2025-04-03 07:40:18.353629269,100.0,112.65,87.35,100.0,2131560
2025-04-03 11:40:45.069770271,100.0,108.72,91.28,100.0,1724468
2025-04-03 15:41:11.785911272,100.0,107.71,92.29,100.0,1310870
2025-04-03 19:41:38.502052274,100.0,110.55,89.45,100.0,2326451
2025-04-03 23:42:05.218193276,100.0,104.8,95.2,100.0,1193295
2025-04-04 03:42:31.934334278,100.0,106.33,93.67,100.0,1029799
2025-04-04 07:42:58.650475280,100.0,107.67,92.33,100.0,1921672
2025-04-04 11:43:25.366616282,100.0,112.63,87.37,100.0,2173854
2025-04-04 15:43:52.082757284,100.0,113.03,86.97,100.0,2319468
2025-04-04 19:44:18.798898285,100.0,108.72,91.28,100.0,1501764
2025-04-04 23:44:45.515039287,100.0,110.23,89.77,100.0,1870609
2025-04-05 03:45:12.231180289,100.0,107.61,92.39,100.0,1265589
2025-04-05 07:45:38.947321291,100.0,108.66,91.34,100.0,2346502
2025-04-05 11:46:05.663462293,100.0,101.04,98.96,100.0,1425390
2025-04-05 15:46:32.379603295,100.0,109.11,90.89,100.0,654612
2025-04-05 19:46:59.095744297,100.0,105.28,94.72,100.0,2072343
2025-04-05 23:47:25.811885298,100.0,109.09,90.91,100.0,2225593
2025-04-06 03:47:52.528026300,100.0,112.06,87.94,100.0,2505467
2025-04-06 07:48:19.244167302,100.0,108.21,91.79,100.0,2313048
2025-04-06 11:48:45.960308304,100.0,103.88,96.12,100.0,1423096
2025-04-06 15:49:12.676449306,100.0,110.93,89.07,100.0,808645
2025-04-06 19:49:39.392590308,100.0,106.4,93.6,100.0,2255932
2025-04-06 23:50:06.108731310,100.0,109.85,90.15,100.0,1198586
2025-04-07 03:50:32.824872311,100.0,108.99,91.01,100.0,2008597
2025-04-07 07:50:59.541013313,100.0,101.69,98.31,100.0,1604129
2025-04-07 11:51:26.257154315,100.0,108.09,91.91,100.0,1942147
2025-04-07 15:51:52.973295317,100.0,107.64,92.36,100.0,2164865
2025-04-07 19:52:19.689436319,100.0,108.81,91.19,100.0,1472284
2025-04-07 23:52:46.405577321,100.0,109.34,90.66,100.0,953027
2025-04-08 03:53:13.121718323,100.0,101.92,98.08,100.0,1735251
2025-04-08 07:53:39.837859324,100.0,111.52,88.48,100.0,1943110
2025-04-08 11:54:06.554000326,100.0,106.75,93.25,100.0,677649
2025-04-08 15:54:33.270141328,100.0,111.92,88.08,100.0,1506950
2025-04-08 19:54:59.986282330,100.0,104.62,95.38,100.0,2099105
2025-04-08 23:55:26.702423332,100.0,105.24,94.76,100.0,2176940
2025-04-09 03:55:53.418564334,100.0,105.84,94.16,100.0,2291359
2025-04-09 07:56:20.134705336,100.0,107.56,92.44,100.0,2354995
2025-04-09 11:56:46.850846337,100.0,103.56,96.44,100.0,1843740
2025-04-09 15:57:13.566987339,100.0,104.04,95.96,100.0,1017449
2025-04-09 19:57:40.283128341,100.0,104.15,95.85,100.0,1685785
2025-04-09 23:58:06.999269343,100.0,105.76,94.24,100.0,1441819
2025-04-10 03:58:33.715410345,100.0,105.85,94.15,100.0,1721137
2025-04-10 07:59:00.431551347,100.0,106.99,93.01,100.0,1033432
2025-04-10 11:59:27.147692349,100.0,111.18,88.82,100.0,1483756
2025-04-10 15:59:53.863833350,100.0,106.01,93.99,100.0,1826135
2025-04-10 20:00:20.579974352,100.0,100.31,99.69,100.0,761043
2025-04-11 00:00:47.296115354,100.0,104.03,95.97,100.0,1290202
2025-04-11 04:01:14.012256356,100.0,106.5,93.5,100.0,671555
2025-04-11 08:01:40.728397358,100.0,104.04,95.96,100.0,1291290
2025-04-11 12:02:07.444538360,100.0,105.74,94.26,100.0,1563998
2025-04-11 16:02:34.160679362,100.0,101.11,98.89,100.0,1400682
2025-04-11 20:03:00.876820363,100.0,105.11,94.89,100.0,603842
2025-04-12 00:03:27.592961365,100.0,101.68,98.32,100.0,947305
2025-04-12 04:03:54.309102367,100.0,108.37,91.63,100.0,1152752
2025-04-12 08:04:21.025243369,100.0,103.68,96.32,100.0,937401
2025-04-12 12:04:47.741384371,100.0,112.07,87.93,100.0,1495591
2025-04-12 16:05:14.457525373,100.0,100.35,99.65,100.0,911378
2025-04-12 20:05:41.173666375,100.0,104.48,95.52,100.0,843422
2025-04-13 00:06:07.889807376,100.0,110.18,93.36,103.32,780458
2025-04-13 04:06:34.605948378,103.32,106.65,98.38,101.65,1027307
2025-04-13 08:07:01.322089380,101.65,103.4,99.04,100.78,1448075
2025-04-13 12:07:28.038230382,100.78,105.16,95.66,100.0,933298
2025-04-13 16:07:54.754371384,100.0,101.05,98.95,100.0,1273836
2025-04-13 20:08:21.470512386,100.0,106.05,93.95,100.0,1794269
2025-04-14 00:08:48.186653388,100.0,103.44,96.56,100.0,1400334
2025-04-14 04:09:14.902794389,100.0,100.38,99.62,100.0,1844484
2025-04-14 08:09:41.618935391,100.0,100.74,99.26,100.0,942191
2025-04-14 12:10:08.335076393,100.0,102.95,97.05,100.0,1102052
2025-04-14 16:10:35.051217395,100.0,100.72,99.28,100.0,1585714
2025-04-14 20:11:01.767358397,100.0,103.1,97.95,101.03,1031213
2025-04-15 00:11:28.483499399,101.03,105.49,95.59,100.0,666576
2025-04-15 04:11:55.199640401,100.0,102.92,97.08,100.0,1735934
2025-04-15 08:12:21.915781402,100.0,100.25,99.83,100.08,605985
2025-04-15 12:12:48.631922404,100.08,102.42,97.66,100.0,1321367
2025-04-15 16:13:15.348063406,100.0,104.48,95.52,100.0,890619
2025-04-15 20:13:42.064204408,100.0,113.09,86.91,100.0,1862335
2025-04-16 00:14:08.780345410,100.0,102.52,97.48,100.0,1102479
2025-04-16 04:14:35.496486412,100.0,104.39,95.61,100.0,1519278
2025-04-16 08:15:02.212627414,100.0,109.72,90.28,100.0,2322592
2025-04-16 12:15:28.928768415,100.0,101.82,98.79,100.6,1559032
2025-04-16 16:15:55.644909417,100.6,106.87,93.77,100.0,954827
2025-04-16 20:16:22.361050419,100.0,109.65,90.35,100.0,2407852
2025-04-17 00:16:49.077191421,100.0,103.79,97.49,101.25,1804885
2025-04-17 04:17:15.793332423,101.25,103.79,97.49,100.0,1766004
2025-04-17 08:17:42.509473425,100.0,102.66,97.34,100.0,1488235
2025-04-17 12:18:09.225614427,100.0,101.71,98.86,100.57,1422683
2025-04-17 16:18:35.941755428,100.57,106.73,93.88,100.0,1281534
2025-04-17 20:19:02.657896430,100.0,102.73,98.19,100.9,1557088
2025-04-18 00:19:29.374037432,100.9,107.78,93.18,100.0,2099933
2025-04-18 04:19:56.090178434,100.0,102.63,98.26,100.87,1310821
2025-04-18 08:20:22.806319436,100.87,107.31,96.63,102.99,1164768
2025-04-18 12:20:49.522460438,102.99,105.69,101.2,103.89,962954
2025-04-18 16:21:16.238601439,103.89,108.1,101.1,105.28,1740753
2025-04-18 20:21:42.954742441,105.28,107.18,104.02,105.91,1723422
2025-04-19 00:22:09.670883443,105.91,109.22,101.0,104.25,1927076
2025-04-19 04:22:36.387024445,104.25,108.42,98.08,102.17,1626696
2025-04-19 08:23:03.103165447,102.17,109.11,93.2,100.0,1304493
2025-04-19 12:23:29.819306449,100.0,103.58,96.42,100.0,1338656
2025-04-19 16:23:56.535447451,100.0,103.47,97.71,101.15,559222
2025-04-19 20:24:23.251588452,101.15,115.79,91.68,105.88,1111787
2025-04-20 00:24:49.967729454,105.88,107.77,103.07,104.94,1220773
2025-04-20 04:25:16.683870456,104.94,111.35,95.52,101.73,1751104
2025-04-20 08:25:43.400011458,101.73,103.82,98.63,100.69,2050058
2025-04-20 12:26:10.116152460,100.69,102.71,99.35,101.36,1046787
2025-04-20 16:26:36.832293462,101.36,107.34,94.1,100.0,1902570
2025-04-20 20:27:03.548434464,100.0,100.5,99.5,100.0,573826
2025-04-21 00:27:30.264575465,100.0,100.96,99.36,100.32,1061778
2025-04-21 04:27:56.980716467,100.32,104.12,97.81,101.57,2040265
2025-04-21 08:28:23.696857469,101.57,108.93,92.75,100.0,671721
2025-04-21 12:28:50.412998471,100.0,109.15,90.85,100.0,2340588
2025-04-21 16:29:17.129139473,100.0,104.92,95.08,100.0,1172298
2025-04-21 20:29:43.845280475,100.0,100.6,99.4,100.0,1219028
2025-04-22 00:30:10.561421477,100.0,101.5,99.0,100.5,886798
2025-04-22 04:30:37.277562478,100.5,102.13,99.41,101.04,661785
2025-04-22 08:31:03.993703480,101.04,101.26,100.72,100.93,1949562
2025-04-22 12:31:30.709844482,100.93,101.38,100.26,100.71,1851424
2025-04-22 16:31:57.425985484,100.71,106.24,97.07,102.53,1377105
2025-04-22 20:32:24.142126486,102.53,105.78,100.38,103.6,1947715
2025-04-23 00:32:50.858267488,103.6,113.4,97.2,106.8,1488717
2025-04-23 04:33:17.574408490,106.8,115.05,101.39,109.51,572491
2025-04-23 08:33:44.290549491,109.51,109.6,109.45,109.54,1931209
2025-04-23 12:34:11.006690493,109.54,115.52,105.6,111.51,715854
2025-04-23 16:34:37.722831495,111.51,116.39,108.29,113.12,1951533
2025-04-23 20:35:04.438972497,113.12,118.98,104.48,110.19,647871
2025-04-24 00:35:31.155113499,110.19,121.74,102.66,113.95,1120171
2025-04-24 04:35:57.871254501,113.95,116.97,109.46,112.44,705910
2025-04-24 08:36:24.587395503,112.44,115.19,110.61,113.35,944599
2025-04-24 12:36:51.303536504,113.35,118.97,109.64,115.21,1973381
2025-04-24 16:37:18.019677506,115.21,125.55,108.45,118.59,1287002
2025-04-24 20:37:44.735818508,118.59,118.9,118.12,118.43,1067066
2025-04-25 00:38:11.451959510,118.43,120.69,116.93,119.18,1282052
2025-04-25 04:38:38.168100512,119.18,120.47,117.25,118.53,1075910
2025-04-25 08:39:04.884241514,118.53,125.04,108.94,115.28,2124910
2025-04-25 12:39:31.600382516,115.28,123.61,109.81,118.01,2092956
2025-04-25 16:39:58.316523517,118.01,123.29,110.21,115.37,1384918
2025-04-25 20:40:25.032664519,115.37,117.01,112.92,114.55,2000185
2025-04-26 00:40:51.748805521,114.55,118.36,108.9,112.65,1303884
2025-04-26 04:41:18.464946523,112.65,116.76,106.56,110.59,1312069
2025-04-26 08:41:45.181087525,110.59,110.87,110.41,110.69,1362838
2025-04-26 12:42:11.897228527,110.69,111.89,109.89,111.08,1965813
2025-04-26 16:42:38.613369529,111.08,114.86,105.48,109.2,1306273
2025-04-26 20:43:05.329510530,109.2,118.64,95.45,104.48,1536044
2025-04-27 00:43:32.045651532,104.48,118.78,95.22,109.11,987715
2025-04-27 04:43:58.761792534,109.11,109.48,108.56,108.93,1082062
2025-04-27 08:44:25.477933536,108.93,111.26,105.45,107.76,1834076
2025-04-27 12:44:52.194074538,107.76,110.52,105.93,108.67,1440065
2025-04-27 16:45:18.910215540,108.67,115.01,99.35,105.5,1245925
2025-04-27 20:45:45.626356542,105.5,121.66,95.07,110.72,1392936
2025-04-28 00:46:12.342497543,110.72,116.25,107.07,112.54,1317351
2025-04-28 04:46:39.058638545,112.54,114.04,111.55,113.04,1879497
2025-04-28 08:47:05.774779547,113.04,120.57,108.09,115.51,760368
2025-04-28 12:47:32.490920549,115.51,118.72,113.38,116.58,1773959
2025-04-28 16:47:59.207061551,116.58,118.85,115.07,117.33,1235915
2025-04-28 20:48:25.923202553,117.33,122.34,114.02,118.98,1439311
2025-04-29 00:48:52.639343555,118.98,120.48,116.74,118.23,1928357
2025-04-29 04:49:19.355484556,118.23,123.19,114.95,119.87,1518985
2025-04-29 08:49:46.071625558,119.87,130.2,113.11,123.25,974534
2025-04-29 12:50:12.787766560,123.25,124.75,122.25,123.75,1942678
2025-04-29 16:50:39.503907562,123.75,130.26,119.46,125.89,1800188
2025-04-29 20:51:06.220048564,125.89,134.88,119.99,128.84,873654
2025-04-30 00:51:32.936189566,128.84,135.53,124.43,131.05,1368728
2025-04-30 04:51:59.652330568,131.05,133.26,129.58,131.78,1328923
2025-04-30 08:52:26.368471569,131.78,146.56,122.16,136.59,1145751
2025-04-30 12:52:53.084612571,136.59,142.0,133.02,138.38,946095
2025-04-30 16:53:19.800753573,138.38,149.88,130.85,142.14,2042646
2025-04-30 20:53:46.516894575,142.14,164.44,127.76,149.33,1349274
2025-05-01 00:54:13.233035577,149.33,165.64,138.71,154.64,1444768
2025-05-01 04:54:39.949176579,154.64,185.82,134.71,164.61,851792
2025-05-01 08:55:06.665317581,164.61,167.63,162.61,165.61,1178122
2025-05-01 12:55:33.381458583,165.61,171.4,157.03,162.71,1151591
2025-05-01 16:56:00.097599584,162.71,172.09,156.54,165.8,1225163
2025-05-01 20:56:26.813740586,165.8,172.84,161.15,168.12,1045101
2025-05-02 00:56:53.529881588,168.12,176.42,155.87,163.97,2219349
2025-05-02 04:57:20.246022590,163.97,165.86,161.14,163.03,857940
2025-05-02 08:57:46.962163592,163.03,171.34,157.55,165.77,1050273
2025-05-02 12:58:13.678304594,165.77,166.51,164.66,165.4,1499782
2025-05-02 16:58:40.394445596,165.4,172.7,160.58,167.81,1540536
2025-05-02 20:59:07.110586597,167.81,179.98,159.82,171.8,969015
2025-05-03 00:59:33.826727599,171.8,186.47,162.2,176.6,1443586
2025-05-03 05:00:00.542868601,176.6,202.73,159.72,185.04,868253
2025-05-03 09:00:27.259009603,185.04,201.52,174.26,190.43,1255067
2025-05-03 13:00:53.975150605,190.43,196.74,186.25,192.52,1352072
2025-05-03 17:01:20.691291607,192.52,195.4,190.6,193.48,1773353
2025-05-03 21:01:47.407432609,193.48,198.72,190.01,195.21,1495019
2025-05-04 01:02:14.123573610,195.21,218.68,179.96,202.84,1992264
2025-05-04 05:02:40.839714612,202.84,215.66,194.41,207.05,1335811
2025-05-04 09:03:07.555855614,207.05,254.43,176.93,222.12,2421982
2025-05-04 13:03:34.271996616,222.12,243.47,208.18,229.09,2168919
2025-05-04 17:04:00.988137618,229.09,253.09,213.45,236.91,841941
2025-05-04 21:04:27.704278620,236.91,244.31,232.01,239.36,1322834
2025-05-05 01:04:54.420419622,239.36,244.83,235.73,241.17,1741668
2025-05-05 05:05:21.136560623,241.17,262.75,227.06,248.23,1199099
2025-05-05 09:05:47.852701625,248.23,285.94,223.88,260.4,2103907
2025-05-05 13:06:14.568842627,260.4,318.2,223.6,278.8,1007662
2025-05-05 17:06:41.284983629,278.8,309.98,258.51,288.95,1064713
2025-05-05 21:07:08.001124631,288.95,332.84,260.61,303.12,2276397
2025-05-06 01:07:34.717265633,303.12,349.36,273.27,318.04,1152508
2025-05-06 05:08:01.433406635,318.04,364.11,288.26,332.93,1226512
2025-05-06 09:08:28.149547636,332.93,370.94,308.2,345.3,1969954
2025-05-06 13:08:54.865688638,345.3,391.31,315.48,360.21,2297954
2025-05-06 17:09:21.581829640,360.21,383.83,344.68,367.97,1385761
2025-05-06 21:09:48.297970642,367.97,372.25,365.12,369.39,1103518
2025-05-07 01:10:15.014111644,369.39,403.89,346.85,380.66,2096851
2025-05-07 05:10:41.730252646,380.66,408.75,362.23,389.88,1357853
2025-05-07 09:11:08.446393648,389.88,417.01,372.06,398.79,1582506
2025-05-07 13:11:35.162534649,398.79,459.81,359.41,418.48,869191
2025-05-07 17:12:01.878675651,418.48,454.39,394.98,430.23,1264758
2025-05-07 21:12:28.594816653,430.23,458.39,411.72,439.48,1686719
2025-05-08 01:12:55.310957655,439.48,540.15,375.48,471.49,2051238
2025-05-08 05:13:22.027098657,471.49,480.43,465.55,474.46,852611
2025-05-08 09:13:48.743239659,474.46,513.91,448.62,487.37,2266593
2025-05-08 13:14:15.459380661,487.37,557.49,442.04,510.04,1789357
2025-05-08 17:14:42.175521662,510.04,546.42,486.16,521.98,1296534
2025-05-08 21:15:08.891662664,521.98,564.63,494.05,535.95,2160468
2025-05-09 01:15:35.607803666,535.95,563.65,517.69,545.08,1215777
2025-05-09 05:16:02.323944668,545.08,573.11,526.6,554.32,2080582
2025-05-09 09:16:29.040085670,554.32,619.52,511.93,575.51,2284384
2025-05-09 13:16:55.756226672,575.51,630.98,539.29,593.62,1107314
2025-05-09 17:17:22.472367674,593.62,665.82,546.73,617.07,1477611
2025-05-09 21:17:49.188508675,617.07,717.61,552.31,649.45,2425731
2025-05-10 01:18:15.904649677,649.45,688.58,623.7,662.33,2136484
2025-05-10 05:18:42.620790679,662.33,743.1,609.87,688.56,732908
2025-05-10 09:19:09.336931681,688.56,845.38,588.83,738.42,1243395
2025-05-10 13:19:36.053072683,738.42,864.95,657.06,779.11,1687885
2025-05-10 17:20:02.769213685,779.11,895.44,703.97,816.68,2133724
2025-05-10 21:20:29.485354687,816.68,950.18,730.7,859.67,1667027
2025-05-11 01:20:56.201495688,859.67,863.42,857.17,860.92,1785652
2025-05-11 05:21:22.917636690,860.92,918.13,823.32,879.72,2103758
2025-05-11 09:21:49.633777692,879.72,988.55,809.06,915.05,2350886
2025-05-11 13:22:16.349918694,915.05,1057.42,823.21,960.97,1761327
2025-05-11 17:22:43.066059696,960.97,1054.69,899.79,991.56,1144796
2025-05-11 21:23:09.782200698,991.56,1107.13,916.41,1029.13,682984
2025-05-12 01:23:36.498341700,1029.13,1182.99,929.76,1078.82,1894000
2025-05-12 05:24:03.214482701,1078.82,1235.09,977.79,1129.33,1983413
2025-05-12 09:24:29.930623703,1129.33,1256.01,1046.89,1170.55,890332
2025-05-12 13:24:56.646764705,1170.55,1372.37,1040.8,1235.43,1757947
2025-05-12 17:25:23.362905707,1235.43,1329.06,1174.03,1266.13,1401888
2025-05-12 21:25:50.079046709,1266.13,1362.05,1203.23,1297.58,1402532
2025-05-13 01:26:16.795187711,1297.58,1529.99,1148.36,1372.19,2073291
2025-05-13 05:26:43.511328712,1372.19,1655.32,1191.38,1462.6,680704
2025-05-13 09:27:10.227469714,1462.6,1646.39,1343.31,1522.24,822243
2025-05-13 13:27:36.943610716,1522.24,1839.19,1319.91,1623.41,1447076
2025-05-13 17:28:03.659751718,1623.41,1913.62,1437.07,1716.58,1725786
2025-05-13 21:28:30.375892720,1716.58,1976.23,1548.93,1800.4,2353267
2025-05-14 01:28:57.092033722,1800.4,1917.89,1723.18,1839.01,838598
2025-05-14 05:29:23.808174724,1839.01,2037.91,1709.45,1903.79,1243841
2025-05-14 09:29:50.524315725,1903.79,2228.0,1695.26,2008.06,730912
2025-05-14 13:30:17.240456727,2008.06,2382.13,1768.23,2127.97,1423693
2025-05-14 17:30:43.956597729,2127.97,2450.13,1919.98,2231.97,2428629
2025-05-14 21:31:10.672738731,2231.97,2588.27,2002.31,2346.8,1681572
2025-05-15 01:31:37.388879733,2346.8,2693.93,2122.52,2458.94,1618933
2025-05-15 05:32:04.105020735,2458.94,2650.05,2333.66,2521.58,2012087
2025-05-15 09:32:30.821161737,2521.58,3050.33,2184.13,2690.3,968927
2025-05-15 13:32:57.537302738,2690.3,3292.64,2306.95,2881.98,1180730
2025-05-15 17:33:24.253443740,2881.98,3348.16,2581.62,3032.15,1397865
2025-05-15 21:33:50.969584742,3032.15,3245.32,2892.19,3102.13,576064
2025-05-16 01:34:17.685725744,3102.13,3179.26,3050.99,3127.7,663612
2025-05-16 05:34:44.401866746,3127.7,3536.13,2862.89,3260.11,2387868
2025-05-16 09:35:11.118007748,3260.11,3896.84,2852.6,3463.86,872311
2025-05-16 13:35:37.834148750,3463.86,3735.96,3285.52,3553.03,2011523
2025-05-16 17:36:04.550289751,3553.03,3871.28,3344.93,3657.08,1461122
2025-05-16 21:36:31.266430753,3657.08,4218.36,3294.85,3838.2,1127106
2025-05-17 01:36:57.982571755,3838.2,4381.11,3486.97,4013.81,1771048
2025-05-17 05:37:24.698712757,4013.81,4811.79,3503.46,4268.99,902384
2025-05-17 09:37:51.414853759,4268.99,5529.57,3477.52,4664.73,1608544
2025-05-17 13:38:18.130994761,4664.73,5267.2,4273.99,4860.1,1092110
2025-05-17 17:38:44.847135763,4860.1,5690.58,4326.01,5127.14,844916
2025-05-17 21:39:11.563276764,5127.14,5865.98,4649.42,5366.0,2035234
2025-05-18 01:39:38.279417766,5366.0,6445.49,4675.93,5711.04,2282800
2025-05-18 05:40:04.995558768,5711.04,6664.82,5097.18,6017.97,1374328
2025-05-18 09:40:31.711699770,6017.97,7448.54,5109.93,6471.99,2622926
2025-05-18 13:40:58.427840772,6471.99,7470.12,5827.93,6794.02,1606689
2025-05-18 17:41:25.143981774,6794.02,8746.22,5566.48,7407.79,1350139
2025-05-18 21:41:51.860122776,7407.79,7834.89,6779.46,7194.24,728461
2025-05-19 01:42:18.576263777,7194.24,8559.91,6319.27,7631.73,1284604
2025-05-19 05:42:45.292404779,7631.73,9181.76,6641.22,8126.98,1983965
2025-05-19 09:43:12.008545781,8126.98,9300.66,7368.14,8506.4,1770436
2025-05-19 13:43:38.724686783,8506.4,11326.46,6747.58,9385.81,2439347
2025-05-19 17:44:05.440827785,9385.81,12203.54,7618.28,10269.57,2749041
2025-05-19 21:44:32.156968787,10269.57,13392.46,8312.03,11248.35,1003617
2025-05-20 01:44:58.873109789,11248.35,12684.72,10316.5,11714.27,1387219
2025-05-20 05:45:25.589250790,11714.27,15335.44,9446.5,12848.16,998922
2025-05-20 09:45:52.305391792,12848.16,14904.78,11522.66,13510.91,1856168
2025-05-20 13:46:19.021532794,13510.91,16896.47,11367.24,14582.74,1711029
2025-05-20 17:46:45.737673796,14582.74,16142.34,13566.61,15090.81,1926469
2025-05-20 21:47:12.453814798,15090.81,18474.77,12937.28,16167.58,760039
2025-05-21 01:47:39.169955800,16167.58,20610.14,13367.51,17567.61,2319580
2025-05-21 05:48:05.886096802,17567.61,20917.43,15421.77,18640.53,1870072
2025-05-21 09:48:32.602237803,18640.53,23026.82,15855.08,20033.25,1093481
2025-05-21 13:48:59.318378805,20033.25,21667.21,18963.0,20568.38,898074
2025-05-21 17:49:26.034519807,20568.38,25614.18,17370.27,22167.43,1337188
2025-05-21 21:49:52.750660809,22167.43,29998.03,17302.87,24599.71,1597961
2025-05-22 01:50:19.466801811,24599.71,30117.84,21088.06,26355.54,1922128
2025-05-22 05:50:46.182942813,26355.54,30854.71,23461.99,27802.32,1139717
2025-05-22 09:51:12.899083815,27802.32,31313.33,25523.88,28941.53,761984
2025-05-22 13:51:39.615224816,28941.53,36346.81,24257.39,31283.6,1679194
2025-05-22 17:52:06.331365818,31283.6,38521.19,26683.97,33583.42,1885094
2025-05-22 21:52:33.047506820,33583.42,39438.41,29820.63,35464.82,2357164
2025-05-23 01:52:59.763647822,35464.82,44788.66,29574.98,38409.74,2478270
2025-05-23 05:53:26.479788824,38409.74,41255.23,36542.98,39343.11,1813333
2025-05-23 09:53:53.195929826,39343.11,44450.4,36031.19,40999.08,1163951
2025-05-23 13:54:19.912070828,40999.08,45854.5,37843.11,42577.06,2259295
2025-05-23 17:54:46.628211829,42577.06,47597.86,39313.26,44208.96,1510526
2025-05-23 21:55:13.344352831,44208.96,53704.67,38154.85,47236.02,2041746
2025-05-24 01:55:40.060493833,47236.02,57063.69,40962.01,50373.02,2639729
2025-05-24 05:56:06.776634835,50373.02,62188.63,42868.61,54125.23,912316
2025-05-24 09:56:33.492775837,54125.23,65762.72,46705.91,57834.89,1646626
2025-05-24 13:57:00.208916839,57834.89,68801.34,50808.47,61348.1,2269216
2025-05-24 17:57:26.925057841,61348.1,81916.59,48528.7,67757.8,2263915
2025-05-24 21:57:53.641198842,67757.8,83332.65,57856.82,72708.29,2600327
2025-05-25 01:58:20.357339844,72708.29,85322.68,64600.1,76762.38,857148
2025-05-25 05:58:47.073480846,76762.38,90406.96,67999.44,81143.85,2547591
2025-05-25 09:59:13.789621848,81143.85,101376.83,68329.73,87550.91,1105328
2025-05-25 13:59:40.505762850,87550.91,114635.05,70590.07,96031.33,1637812
2025-05-25 18:00:07.221903852,96031.33,113978.93,84525.76,101784.12,1446044
2025-05-25 22:00:33.938044854,101784.12,129028.67,84589.34,110381.51,2373255
2025-05-26 02:01:00.654185855,110381.51,139554.59,91957.82,119593.35,1374245
2025-05-26 06:01:27.370326857,119593.35,151818.97,99261.77,129759.14,767913
2025-05-26 10:01:54.086467859,129759.14,152248.25,115303.23,136987.1,2472138
2025-05-26 14:02:20.802608861,136987.1,157503.68,123736.61,143612.34,860186
2025-05-26 18:02:47.518749863,143612.34,178548.34,121460.62,154688.2,1265669
2025-05-26 22:03:14.234890865,154688.2,197635.64,127633.81,168215.4,2432141
2025-05-27 02:03:40.951031867,168215.4,218624.15,136591.32,184027.44,2655469
2025-05-27 06:04:07.667172868,184027.44,209849.84,167318.22,192382.05,2303868
2025-05-27 10:04:34.383313870,192382.05,235737.46,164796.9,206174.62,878238
2025-05-27 14:05:01.099454872,206174.62,249185.07,178719.66,219902.11,1666937
2025-05-27 18:05:27.815595874,219902.11,297258.32,171833.72,243936.3,2377767
2025-05-27 22:05:54.531736876,243936.3,334027.46,188131.04,271838.93,1861842
2025-05-28 02:06:21.247877878,271838.93,309203.34,247646.97,283934.91,1678488
2025-05-28 06:06:47.964018879,283934.91,362821.17,234242.96,308780.88,1421788
2025-05-28 10:07:14.680159881,308780.88,365635.69,272313.3,327014.67,1909053
2025-05-28 14:07:41.396300883,327014.67,490774.79,227862.4,376590.81,3167904
2025-05-28 18:08:08.112441885,376590.81,489267.54,305896.6,411937.91,1079695
2025-05-28 22:08:34.828582887,411937.91,531367.3,336877.33,449468.2,2189520
2025-05-29 02:09:01.544723889,449468.2,563743.41,377162.04,485621.28,853865
2025-05-29 06:09:28.260864891,485621.28,592435.13,417589.0,519637.42,2383319
2025-05-29 10:09:54.977005892,519637.42,554831.21,496517.77,531197.25,975815
2025-05-29 14:10:21.693146894,531197.25,668189.57,444577.28,574507.23,765018
2025-05-29 18:10:48.409287896,574507.23,718245.47,483488.42,620016.64,870238
2025-05-29 22:11:15.125428898,620016.64,783913.57,516511.69,671769.11,1769843
2025-05-30 02:11:41.841569900,671769.11,874519.75,544623.61,735341.86,1304158
2025-05-30 06:12:08.557710902,735341.86,985677.79,579465.38,813280.1,1356549
2025-05-30 10:12:35.273851904,813280.1,1056664.41,660580.71,889629.8,2730395
2025-05-30 14:13:01.989992905,889629.8,1089666.21,762342.87,953273.26,1717807
2025-05-30 18:13:28.706133907,953273.26,1111897.83,851168.98,1004325.4,1567498
2025-05-30 22:13:55.422274909,1004325.4,1281308.99,829781.16,1091597.52,2786767
2025-05-31 02:14:22.138415911,1091597.52,1308748.22,952719.91,1161036.32,2545221
2025-05-31 06:14:48.854556913,1161036.32,1548670.58,919379.54,1281864.71,2959229
2025-05-31 10:15:15.570697915,1281864.71,1595358.1,1083138.55,1381227.79,2231837
2025-05-31 14:15:42.286838917,1381227.79,1733090.89,1158612.21,1492535.58,2143438
2025-05-31 18:16:09.002979918,1492535.58,2084341.44,1127721.63,1674942.56,1968805
2025-05-31 22:16:35.719120920,1674942.56,2266501.54,1307447.03,1858690.32,2861743
2025-06-01 02:17:02.435261922,1858690.32,2262031.19,1601645.61,1987212.67,1870201
2025-06-01 06:17:29.151402924,1987212.67,2379659.27,1736154.26,2112741.88,1024512
2025-06-01 10:17:55.867543926,2112741.88,2735335.53,1721793.54,2308216.05,2619605
2025-06-01 14:18:22.583684928,2308216.05,3104204.22,1812976.05,2555836.04,2847937
2025-06-01 18:18:49.299825930,2555836.04,3127776.75,2191823.61,2737842.26,1667349
2025-06-01 22:19:16.015966931,2737842.26,3603534.04,2196405.93,3008560.42,2793094
2025-06-02 02:19:42.732107933,3008560.42,3996575.44,2392001.84,3316839.72,1049796
2025-06-02 06:20:09.448248935,3316839.72,4123592.72,2805301.63,3572608.76,763073
2025-06-02 10:20:36.164389937,3572608.76,4886810.58,2758337.32,3979744.48,2359838
2025-06-02 14:21:02.880530939,3979744.48,5282153.65,3166822.21,4386205.62,755481
2025-06-02 18:21:29.596671941,4386205.62,5943567.94,3419049.84,4869783.51,2106231
2025-06-02 22:21:56.312812943,4869783.51,6093928.29,4094797.84,5257276.35,1961878
2025-06-03 02:22:23.028953944,5257276.35,6905818.81,4225717.33,5773055.86,2768392
2025-06-03 06:22:49.745094946,5773055.86,7469912.19,4707389.83,6305888.88,2688546
2025-06-03 10:23:16.461235948,6305888.88,8342519.98,5033689.32,6941988.66,2914415
2025-06-03 14:23:43.177376950,6941988.66,8247827.55,6105062.66,7360451.66,2081220
2025-06-03 18:24:09.893517952,7360451.66,9950531.36,5751035.38,8165159.79,999383
2025-06-03 22:24:36.609658954,8165159.79,9987156.62,7005404.64,8745037.37,996871
2025-06-04 02:25:03.325799956,8745037.37,10003926.42,7931034.28,9152038.92,1577476
2025-06-04 06:25:30.041940957,9152038.92,11181389.82,7859944.71,9798086.02,1436266
2025-06-04 10:25:56.758081959,9798086.02,11728982.08,8562739.63,10415759.22,954927
2025-06-04 14:26:23.474222961,10415759.22,12739021.64,8936907.75,11155184.95,2392506
2025-06-04 18:26:50.190363963,11155184.95,14177608.96,9248830.47,12108362.19,1551438
2025-06-04 22:27:16.906504965,12108362.19,16634022.49,9307254.87,13508915.85,1873200
2025-06-05 02:27:43.622645967,13508915.85,17697450.71,10886279.78,14820233.89,2185754
2025-06-05 06:28:10.338786969,14820233.89,16589984.85,13670149.64,15395276.01,1384591
2025-06-05 10:28:37.054927970,15395276.01,18947117.61,13137729.65,16524049.19,2098455
2025-06-05 14:29:03.771068972,16524049.19,22185789.71,13000068.02,18286039.77,1044917
2025-06-05 18:29:30.487209974,18286039.77,24216177.99,14582627.63,20137745.84,2055388
2025-06-05 22:29:57.203350976,20137745.84,26682018.31,16051309.79,22180963.87,1396315
2025-06-06 02:30:23.919491978,22180963.87,29608891.93,17551139.06,24495876.27,2917193
2025-06-06 06:30:50.635632980,24495876.27,30344760.32,20784098.02,26351765.39,2359770
2025-06-06 10:31:17.351773982,26351765.39,33485630.13,21851980.86,28601657.66,2389614
2025-06-06 14:31:44.067914983,28601657.66,34243051.64,24992535.0,30406218.99,1388144
2025-06-06 18:32:10.784055985,30406218.99,39098985.96,24938750.42,33139953.27,1719682
2025-06-06 22:32:37.500196987,33139953.27,40813769.93,28263282.42,35578288.7,2436053
2025-06-07 02:33:04.216337989,35578288.7,45530054.97,29311700.11,38711582.99,1985293
2025-06-07 06:33:30.932478991,38711582.99,51416439.16,30782971.48,42675888.75,1608224
2025-06-07 10:33:57.648619993,42675888.75,61343781.3,31250284.95,48388690.65,2899040
2025-06-07 14:34:24.364760995,48388690.65,65743985.55,37617679.91,53774196.02,1465008
2025-06-07 18:34:51.080901996,53774196.02,68259595.28,44635012.58,58343787.73,1156026
2025-06-07 22:35:17.797042998,58343787.73,78816860.77,45620017.11,64705673.04,2387254
2025-06-08 02:35:44.513184000,64705673.04,92452332.12,47698031.71,73209493.7,2479829
